mff,FF4_7_20230602_114142.mff,,,,,,,,,,,,
Time Mode: Relative Time,,,,,,,,,,,,,
Code,Label,Description,Track,Onset,Duration,,,,,,,,
s1Rf,,,ECI TCP-IP 55513,_00:00:05.979242,_00:00:00.001,tria,1,fqTy,1,ecc_,0,cue_,0
DIN8,DIN8,1,8 DINs,_00:00:06.004000,_00:00:00.001,gidx,1,cidx,1,,,,
DIN8,DIN8,2,8 DINs,_00:00:06.840000,_00:00:00.001,gidx,2,cidx,2,,,,
DIN8,DIN8,3,8 DINs,_00:00:07.673000,_00:00:00.001,gidx,3,cidx,3,,,,
DIN8,DIN8,4,8 DINs,_00:00:08.507000,_00:00:00.001,gidx,4,cidx,4,,,,
DIN8,DIN8,5,8 DINs,_00:00:09.340000,_00:00:00.001,gidx,5,cidx,5,,,,
DIN8,DIN8,6,8 DINs,_00:00:10.173000,_00:00:00.001,gidx,6,cidx,6,,,,
DIN8,DIN8,7,8 DINs,_00:00:11.007000,_00:00:00.001,gidx,7,cidx,7,,,,
DIN8,DIN8,8,8 DINs,_00:00:11.840000,_00:00:00.001,gidx,8,cidx,8,,,,
DIN8,DIN8,9,8 DINs,_00:00:12.674000,_00:00:00.001,gidx,9,cidx,9,,,,
DIN8,DIN8,10,8 DINs,_00:00:13.506000,_00:00:00.001,gidx,10,cidx,10,,,,
s1Rf,,,ECI TCP-IP 55513,_00:00:16.612242,_00:00:00.001,tria,2,fqTy,1,ecc_,0,cue_,0
DIN8,DIN8,11,8 DINs,_00:00:16.637000,_00:00:00.001,gidx,11,cidx,11,,,,
DIN8,DIN8,12,8 DINs,_00:00:17.473000,_00:00:00.001,gidx,12,cidx,12,,,,
DIN8,DIN8,13,8 DINs,_00:00:18.306000,_00:00:00.001,gidx,13,cidx,13,,,,
DIN8,DIN8,14,8 DINs,_00:00:19.139000,_00:00:00.001,gidx,14,cidx,14,,,,
DIN8,DIN8,15,8 DINs,_00:00:19.973000,_00:00:00.001,gidx,15,cidx,15,,,,
DIN8,DIN8,16,8 DINs,_00:00:20.807000,_00:00:00.001,gidx,16,cidx,16,,,,
DIN8,DIN8,17,8 DINs,_00:00:21.639000,_00:00:00.001,gidx,17,cidx,17,,,,
DIN8,DIN8,18,8 DINs,_00:00:22.473000,_00:00:00.001,gidx,18,cidx,18,,,,
DIN8,DIN8,19,8 DINs,_00:00:23.306000,_00:00:00.001,gidx,19,cidx,19,,,,
DIN8,DIN8,20,8 DINs,_00:00:24.140000,_00:00:00.001,gidx,20,cidx,20,,,,
s1Rf,,,ECI TCP-IP 55513,_00:00:28.378242,_00:00:00.001,tria,3,fqTy,1,ecc_,0,cue_,0
DIN8,DIN8,21,8 DINs,_00:00:28.403000,_00:00:00.001,gidx,21,cidx,21,,,,
DIN8,DIN8,22,8 DINs,_00:00:29.240000,_00:00:00.001,gidx,22,cidx,22,,,,
DIN8,DIN8,23,8 DINs,_00:00:30.072000,_00:00:00.001,gidx,23,cidx,23,,,,
DIN8,DIN8,24,8 DINs,_00:00:30.906000,_00:00:00.001,gidx,24,cidx,24,,,,
DIN8,DIN8,25,8 DINs,_00:00:31.739000,_00:00:00.001,gidx,25,cidx,25,,,,
DIN8,DIN8,26,8 DINs,_00:00:32.573000,_00:00:00.001,gidx,26,cidx,26,,,,
DIN8,DIN8,27,8 DINs,_00:00:33.406000,_00:00:00.001,gidx,27,cidx,27,,,,
DIN8,DIN8,28,8 DINs,_00:00:34.239000,_00:00:00.001,gidx,28,cidx,28,,,,
DIN8,DIN8,29,8 DINs,_00:00:35.072000,_00:00:00.001,gidx,29,cidx,29,,,,
DIN8,DIN8,30,8 DINs,_00:00:35.906000,_00:00:00.001,gidx,30,cidx,30,,,,
s1Lf,,,ECI TCP-IP 55513,_00:00:40.578242,_00:00:00.001,tria,4,fqTy,1,ecc_,0,cue_,0
DIN8,DIN8,31,8 DINs,_00:00:40.603000,_00:00:00.001,gidx,31,cidx,31,,,,
DIN8,DIN8,32,8 DINs,_00:00:41.439000,_00:00:00.001,gidx,32,cidx,32,,,,
DIN8,DIN8,33,8 DINs,_00:00:42.272000,_00:00:00.001,gidx,33,cidx,33,,,,
DIN8,DIN8,34,8 DINs,_00:00:43.106000,_00:00:00.001,gidx,34,cidx,34,,,,
DIN8,DIN8,35,8 DINs,_00:00:43.939000,_00:00:00.001,gidx,35,cidx,35,,,,
DIN8,DIN8,36,8 DINs,_00:00:44.772000,_00:00:00.001,gidx,36,cidx,36,,,,
DIN8,DIN8,37,8 DINs,_00:00:45.605000,_00:00:00.001,gidx,37,cidx,37,,,,
DIN8,DIN8,38,8 DINs,_00:00:46.439000,_00:00:00.001,gidx,38,cidx,38,,,,
DIN8,DIN8,39,8 DINs,_00:00:47.272000,_00:00:00.001,gidx,39,cidx,39,,,,
DIN8,DIN8,40,8 DINs,_00:00:48.106000,_00:00:00.001,gidx,40,cidx,40,,,,
s1Rf,,,ECI TCP-IP 55513,_00:00:52.278242,_00:00:00.001,tria,5,fqTy,1,ecc_,0,cue_,0
DIN8,DIN8,41,8 DINs,_00:00:52.303000,_00:00:00.001,gidx,41,cidx,41,,,,
DIN8,DIN8,42,8 DINs,_00:00:53.138000,_00:00:00.001,gidx,42,cidx,42,,,,
DIN8,DIN8,43,8 DINs,_00:00:53.972000,_00:00:00.001,gidx,43,cidx,43,,,,
DIN8,DIN8,44,8 DINs,_00:00:54.805000,_00:00:00.001,gidx,44,cidx,44,,,,
DIN8,DIN8,45,8 DINs,_00:00:55.639000,_00:00:00.001,gidx,45,cidx,45,,,,
DIN8,DIN8,46,8 DINs,_00:00:56.472000,_00:00:00.001,gidx,46,cidx,46,,,,
DIN8,DIN8,47,8 DINs,_00:00:57.305000,_00:00:00.001,gidx,47,cidx,47,,,,
DIN8,DIN8,48,8 DINs,_00:00:58.138000,_00:00:00.001,gidx,48,cidx,48,,,,
DIN8,DIN8,49,8 DINs,_00:00:58.972000,_00:00:00.001,gidx,49,cidx,49,,,,
DIN8,DIN8,50,8 DINs,_00:00:59.805000,_00:00:00.001,gidx,50,cidx,50,,,,
s1Lf,,,ECI TCP-IP 55513,_00:01:03.861242,_00:00:00.001,tria,6,fqTy,1,ecc_,0,cue_,0
DIN8,DIN8,51,8 DINs,_00:01:03.886000,_00:00:00.001,gidx,51,cidx,51,,,,
DIN8,DIN8,52,8 DINs,_00:01:04.721000,_00:00:00.001,gidx,52,cidx,52,,,,
DIN8,DIN8,53,8 DINs,_00:01:05.555000,_00:00:00.001,gidx,53,cidx,53,,,,
DIN8,DIN8,54,8 DINs,_00:01:06.388000,_00:00:00.001,gidx,54,cidx,54,,,,
DIN8,DIN8,55,8 DINs,_00:01:07.222000,_00:00:00.001,gidx,55,cidx,55,,,,
DIN8,DIN8,56,8 DINs,_00:01:08.055000,_00:00:00.001,gidx,56,cidx,56,,,,
DIN8,DIN8,57,8 DINs,_00:01:08.888000,_00:00:00.001,gidx,57,cidx,57,,,,
DIN8,DIN8,58,8 DINs,_00:01:09.721000,_00:00:00.001,gidx,58,cidx,58,,,,
DIN8,DIN8,59,8 DINs,_00:01:10.555000,_00:00:00.001,gidx,59,cidx,59,,,,
DIN8,DIN8,60,8 DINs,_00:01:11.388000,_00:00:00.001,gidx,60,cidx,60,,,,
s1Lf,,,ECI TCP-IP 55513,_00:01:15.610242,_00:00:00.001,tria,7,fqTy,1,ecc_,0,cue_,0
DIN8,DIN8,61,8 DINs,_00:01:15.636000,_00:00:00.001,gidx,61,cidx,61,,,,
DIN8,DIN8,62,8 DINs,_00:01:16.471000,_00:00:00.001,gidx,62,cidx,62,,,,
DIN8,DIN8,63,8 DINs,_00:01:17.305000,_00:00:00.001,gidx,63,cidx,63,,,,
DIN8,DIN8,64,8 DINs,_00:01:18.138000,_00:00:00.001,gidx,64,cidx,64,,,,
DIN8,DIN8,65,8 DINs,_00:01:18.972000,_00:00:00.001,gidx,65,cidx,65,,,,
DIN8,DIN8,66,8 DINs,_00:01:19.804000,_00:00:00.001,gidx,66,cidx,66,,,,
DIN8,DIN8,67,8 DINs,_00:01:20.638000,_00:00:00.001,gidx,67,cidx,67,,,,
DIN8,DIN8,68,8 DINs,_00:01:21.471000,_00:00:00.001,gidx,68,cidx,68,,,,
DIN8,DIN8,69,8 DINs,_00:01:22.305000,_00:00:00.001,gidx,69,cidx,69,,,,
DIN8,DIN8,70,8 DINs,_00:01:23.138000,_00:00:00.001,gidx,70,cidx,70,,,,
s1Rf,,,ECI TCP-IP 55513,_00:01:28.277242,_00:00:00.001,tria,8,fqTy,1,ecc_,0,cue_,0
DIN8,DIN8,71,8 DINs,_00:01:28.302000,_00:00:00.001,gidx,71,cidx,71,,,,
DIN8,DIN8,72,8 DINs,_00:01:29.138000,_00:00:00.001,gidx,72,cidx,72,,,,
DIN8,DIN8,73,8 DINs,_00:01:29.971000,_00:00:00.001,gidx,73,cidx,73,,,,
DIN8,DIN8,74,8 DINs,_00:01:30.805000,_00:00:00.001,gidx,74,cidx,74,,,,
DIN8,DIN8,75,8 DINs,_00:01:31.637000,_00:00:00.001,gidx,75,cidx,75,,,,
DIN8,DIN8,76,8 DINs,_00:01:32.471000,_00:00:00.001,gidx,76,cidx,76,,,,
DIN8,DIN8,77,8 DINs,_00:01:33.304000,_00:00:00.001,gidx,77,cidx,77,,,,
DIN8,DIN8,78,8 DINs,_00:01:34.138000,_00:00:00.001,gidx,78,cidx,78,,,,
DIN8,DIN8,79,8 DINs,_00:01:34.971000,_00:00:00.001,gidx,79,cidx,79,,,,
DIN8,DIN8,80,8 DINs,_00:01:35.805000,_00:00:00.001,gidx,80,cidx,80,,,,
s1Lf,,,ECI TCP-IP 55513,_00:01:41.460242,_00:00:00.001,tria,9,fqTy,1,ecc_,0,cue_,0
DIN8,DIN8,81,8 DINs,_00:01:41.485000,_00:00:00.001,gidx,81,cidx,81,,,,
DIN8,DIN8,82,8 DINs,_00:01:42.321000,_00:00:00.001,gidx,82,cidx,82,,,,
DIN8,DIN8,83,8 DINs,_00:01:43.154000,_00:00:00.001,gidx,83,cidx,83,,,,
DIN8,DIN8,84,8 DINs,_00:01:43.987000,_00:00:00.001,gidx,84,cidx,84,,,,
DIN8,DIN8,85,8 DINs,_00:01:44.820000,_00:00:00.001,gidx,85,cidx,85,,,,
DIN8,DIN8,86,8 DINs,_00:01:45.654000,_00:00:00.001,gidx,86,cidx,86,,,,
DIN8,DIN8,87,8 DINs,_00:01:46.487000,_00:00:00.001,gidx,87,cidx,87,,,,
DIN8,DIN8,88,8 DINs,_00:01:47.321000,_00:00:00.001,gidx,88,cidx,88,,,,
DIN8,DIN8,89,8 DINs,_00:01:48.153000,_00:00:00.001,gidx,89,cidx,89,,,,
DIN8,DIN8,90,8 DINs,_00:01:48.987000,_00:00:00.001,gidx,90,cidx,90,,,,
s1Lf,,,ECI TCP-IP 55513,_00:01:53.642242,_00:00:00.001,tria,10,fqTy,1,ecc_,0,cue_,0
DIN8,DIN8,91,8 DINs,_00:01:53.668000,_00:00:00.001,gidx,91,cidx,91,,,,
DIN8,DIN8,92,8 DINs,_00:01:54.504000,_00:00:00.001,gidx,92,cidx,92,,,,
DIN8,DIN8,93,8 DINs,_00:01:55.337000,_00:00:00.001,gidx,93,cidx,93,,,,
DIN8,DIN8,94,8 DINs,_00:01:56.170000,_00:00:00.001,gidx,94,cidx,94,,,,
DIN8,DIN8,95,8 DINs,_00:01:57.003000,_00:00:00.001,gidx,95,cidx,95,,,,
DIN8,DIN8,96,8 DINs,_00:01:57.837000,_00:00:00.001,gidx,96,cidx,96,,,,
DIN8,DIN8,97,8 DINs,_00:01:58.670000,_00:00:00.001,gidx,97,cidx,97,,,,
DIN8,DIN8,98,8 DINs,_00:01:59.504000,_00:00:00.001,gidx,98,cidx,98,,,,
DIN8,DIN8,99,8 DINs,_00:02:00.336000,_00:00:00.001,gidx,99,cidx,99,,,,
DIN8,DIN8,100,8 DINs,_00:02:01.170000,_00:00:00.001,gidx,100,cidx,100,,,,
s1Lf,,,ECI TCP-IP 55513,_00:02:06.825242,_00:00:00.001,tria,11,fqTy,1,ecc_,0,cue_,0
DIN8,DIN8,101,8 DINs,_00:02:06.851000,_00:00:00.001,gidx,101,cidx,101,,,,
DIN8,DIN8,102,8 DINs,_00:02:07.686000,_00:00:00.001,gidx,102,cidx,102,,,,
DIN8,DIN8,103,8 DINs,_00:02:08.520000,_00:00:00.001,gidx,103,cidx,103,,,,
DIN8,DIN8,104,8 DINs,_00:02:09.353000,_00:00:00.001,gidx,104,cidx,104,,,,
DIN8,DIN8,105,8 DINs,_00:02:10.187000,_00:00:00.001,gidx,105,cidx,105,,,,
DIN8,DIN8,106,8 DINs,_00:02:11.020000,_00:00:00.001,gidx,106,cidx,106,,,,
DIN8,DIN8,107,8 DINs,_00:02:11.854000,_00:00:00.001,gidx,107,cidx,107,,,,
DIN8,DIN8,108,8 DINs,_00:02:12.686000,_00:00:00.001,gidx,108,cidx,108,,,,
DIN8,DIN8,109,8 DINs,_00:02:13.520000,_00:00:00.001,gidx,109,cidx,109,,,,
DIN8,DIN8,110,8 DINs,_00:02:14.353000,_00:00:00.001,gidx,110,cidx,110,,,,
s1Rf,,,ECI TCP-IP 55513,_00:02:18.959242,_00:00:00.001,tria,12,fqTy,1,ecc_,0,cue_,0
DIN8,DIN8,111,8 DINs,_00:02:18.984000,_00:00:00.001,gidx,111,cidx,111,,,,
DIN8,DIN8,112,8 DINs,_00:02:19.819000,_00:00:00.001,gidx,112,cidx,112,,,,
DIN8,DIN8,113,8 DINs,_00:02:20.653000,_00:00:00.001,gidx,113,cidx,113,,,,
DIN8,DIN8,114,8 DINs,_00:02:21.486000,_00:00:00.001,gidx,114,cidx,114,,,,
DIN8,DIN8,115,8 DINs,_00:02:22.320000,_00:00:00.001,gidx,115,cidx,115,,,,
DIN8,DIN8,116,8 DINs,_00:02:23.153000,_00:00:00.001,gidx,116,cidx,116,,,,
DIN8,DIN8,117,8 DINs,_00:02:23.987000,_00:00:00.001,gidx,117,cidx,117,,,,
DIN8,DIN8,118,8 DINs,_00:02:24.819000,_00:00:00.001,gidx,118,cidx,118,,,,
DIN8,DIN8,119,8 DINs,_00:02:25.653000,_00:00:00.001,gidx,119,cidx,119,,,,
DIN8,DIN8,120,8 DINs,_00:02:26.486000,_00:00:00.001,gidx,120,cidx,120,,,,
s1Rf,,,ECI TCP-IP 55513,_00:02:31.341242,_00:00:00.001,tria,13,fqTy,1,ecc_,0,cue_,0
DIN8,DIN8,121,8 DINs,_00:02:31.367000,_00:00:00.001,gidx,121,cidx,121,,,,
DIN8,DIN8,122,8 DINs,_00:02:32.203000,_00:00:00.001,gidx,122,cidx,122,,,,
DIN8,DIN8,123,8 DINs,_00:02:33.036000,_00:00:00.001,gidx,123,cidx,123,,,,
DIN8,DIN8,124,8 DINs,_00:02:33.869000,_00:00:00.001,gidx,124,cidx,124,,,,
DIN8,DIN8,125,8 DINs,_00:02:34.703000,_00:00:00.001,gidx,125,cidx,125,,,,
DIN8,DIN8,126,8 DINs,_00:02:35.536000,_00:00:00.001,gidx,126,cidx,126,,,,
DIN8,DIN8,127,8 DINs,_00:02:36.370000,_00:00:00.001,gidx,127,cidx,127,,,,
DIN8,DIN8,128,8 DINs,_00:02:37.202000,_00:00:00.001,gidx,128,cidx,128,,,,
DIN8,DIN8,129,8 DINs,_00:02:38.036000,_00:00:00.001,gidx,129,cidx,129,,,,
DIN8,DIN8,130,8 DINs,_00:02:38.869000,_00:00:00.001,gidx,130,cidx,130,,,,
s1Rf,,,ECI TCP-IP 55513,_00:02:43.374242,_00:00:00.001,tria,14,fqTy,1,ecc_,0,cue_,0
DIN8,DIN8,131,8 DINs,_00:02:43.400000,_00:00:00.001,gidx,131,cidx,131,,,,
DIN8,DIN8,132,8 DINs,_00:02:44.235000,_00:00:00.001,gidx,132,cidx,132,,,,
DIN8,DIN8,133,8 DINs,_00:02:45.069000,_00:00:00.001,gidx,133,cidx,133,,,,
DIN8,DIN8,134,8 DINs,_00:02:45.902000,_00:00:00.001,gidx,134,cidx,134,,,,
DIN8,DIN8,135,8 DINs,_00:02:46.736000,_00:00:00.001,gidx,135,cidx,135,,,,
DIN8,DIN8,136,8 DINs,_00:02:47.569000,_00:00:00.001,gidx,136,cidx,136,,,,
DIN8,DIN8,137,8 DINs,_00:02:48.402000,_00:00:00.001,gidx,137,cidx,137,,,,
DIN8,DIN8,138,8 DINs,_00:02:49.235000,_00:00:00.001,gidx,138,cidx,138,,,,
DIN8,DIN8,139,8 DINs,_00:02:50.069000,_00:00:00.001,gidx,139,cidx,139,,,,
DIN8,DIN8,140,8 DINs,_00:02:50.902000,_00:00:00.001,gidx,140,cidx,140,,,,
s1Lf,,,ECI TCP-IP 55513,_00:02:55.324242,_00:00:00.001,tria,15,fqTy,1,ecc_,0,cue_,0
DIN8,DIN8,141,8 DINs,_00:02:55.350000,_00:00:00.001,gidx,141,cidx,141,,,,
DIN8,DIN8,142,8 DINs,_00:02:56.185000,_00:00:00.001,gidx,142,cidx,142,,,,
DIN8,DIN8,143,8 DINs,_00:02:57.019000,_00:00:00.001,gidx,143,cidx,143,,,,
DIN8,DIN8,144,8 DINs,_00:02:57.852000,_00:00:00.001,gidx,144,cidx,144,,,,
DIN8,DIN8,145,8 DINs,_00:02:58.685000,_00:00:00.001,gidx,145,cidx,145,,,,
DIN8,DIN8,146,8 DINs,_00:02:59.518000,_00:00:00.001,gidx,146,cidx,146,,,,
DIN8,DIN8,147,8 DINs,_00:03:00.352000,_00:00:00.001,gidx,147,cidx,147,,,,
DIN8,DIN8,148,8 DINs,_00:03:01.185000,_00:00:00.001,gidx,148,cidx,148,,,,
DIN8,DIN8,149,8 DINs,_00:03:02.019000,_00:00:00.001,gidx,149,cidx,149,,,,
DIN8,DIN8,150,8 DINs,_00:03:02.852000,_00:00:00.001,gidx,150,cidx,150,,,,
s1Lf,,,ECI TCP-IP 55513,_00:03:07.624242,_00:00:00.001,tria,16,fqTy,1,ecc_,0,cue_,0
DIN8,DIN8,151,8 DINs,_00:03:07.649000,_00:00:00.001,gidx,151,cidx,151,,,,
DIN8,DIN8,152,8 DINs,_00:03:08.485000,_00:00:00.001,gidx,152,cidx,152,,,,
DIN8,DIN8,153,8 DINs,_00:03:09.318000,_00:00:00.001,gidx,153,cidx,153,,,,
DIN8,DIN8,154,8 DINs,_00:03:10.152000,_00:00:00.001,gidx,154,cidx,154,,,,
DIN8,DIN8,155,8 DINs,_00:03:10.985000,_00:00:00.001,gidx,155,cidx,155,,,,
DIN8,DIN8,156,8 DINs,_00:03:11.819000,_00:00:00.001,gidx,156,cidx,156,,,,
DIN8,DIN8,157,8 DINs,_00:03:12.651000,_00:00:00.001,gidx,157,cidx,157,,,,
DIN8,DIN8,158,8 DINs,_00:03:13.485000,_00:00:00.001,gidx,158,cidx,158,,,,
DIN8,DIN8,159,8 DINs,_00:03:14.318000,_00:00:00.001,gidx,159,cidx,159,,,,
DIN8,DIN8,160,8 DINs,_00:03:15.152000,_00:00:00.001,gidx,160,cidx,160,,,,
s1Lf,,,ECI TCP-IP 55513,_00:03:19.740242,_00:00:00.001,tria,17,fqTy,1,ecc_,0,cue_,0
DIN8,DIN8,161,8 DINs,_00:03:19.765000,_00:00:00.001,gidx,161,cidx,161,,,,
DIN8,DIN8,162,8 DINs,_00:03:20.602000,_00:00:00.001,gidx,162,cidx,162,,,,
DIN8,DIN8,163,8 DINs,_00:03:21.434000,_00:00:00.001,gidx,163,cidx,163,,,,
DIN8,DIN8,164,8 DINs,_00:03:22.268000,_00:00:00.001,gidx,164,cidx,164,,,,
DIN8,DIN8,165,8 DINs,_00:03:23.101000,_00:00:00.001,gidx,165,cidx,165,,,,
DIN8,DIN8,166,8 DINs,_00:03:23.935000,_00:00:00.001,gidx,166,cidx,166,,,,
DIN8,DIN8,167,8 DINs,_00:03:24.768000,_00:00:00.001,gidx,167,cidx,167,,,,
DIN8,DIN8,168,8 DINs,_00:03:25.601000,_00:00:00.001,gidx,168,cidx,168,,,,
DIN8,DIN8,169,8 DINs,_00:03:26.434000,_00:00:00.001,gidx,169,cidx,169,,,,
DIN8,DIN8,170,8 DINs,_00:03:27.268000,_00:00:00.001,gidx,170,cidx,170,,,,
s1Lf,,,ECI TCP-IP 55513,_00:03:30.906242,_00:00:00.001,tria,18,fqTy,1,ecc_,0,cue_,0
DIN8,DIN8,171,8 DINs,_00:03:30.931000,_00:00:00.001,gidx,171,cidx,171,,,,
DIN8,DIN8,172,8 DINs,_00:03:31.768000,_00:00:00.001,gidx,172,cidx,172,,,,
DIN8,DIN8,173,8 DINs,_00:03:32.601000,_00:00:00.001,gidx,173,cidx,173,,,,
DIN8,DIN8,174,8 DINs,_00:03:33.434000,_00:00:00.001,gidx,174,cidx,174,,,,
DIN8,DIN8,175,8 DINs,_00:03:34.267000,_00:00:00.001,gidx,175,cidx,175,,,,
DIN8,DIN8,176,8 DINs,_00:03:35.101000,_00:00:00.001,gidx,176,cidx,176,,,,
DIN8,DIN8,177,8 DINs,_00:03:35.934000,_00:00:00.001,gidx,177,cidx,177,,,,
DIN8,DIN8,178,8 DINs,_00:03:36.768000,_00:00:00.001,gidx,178,cidx,178,,,,
DIN8,DIN8,179,8 DINs,_00:03:37.600000,_00:00:00.001,gidx,179,cidx,179,,,,
DIN8,DIN8,180,8 DINs,_00:03:38.434000,_00:00:00.001,gidx,180,cidx,180,,,,
s1Rf,,,ECI TCP-IP 55513,_00:03:42.523242,_00:00:00.001,tria,19,fqTy,1,ecc_,0,cue_,0
DIN8,DIN8,181,8 DINs,_00:03:42.548000,_00:00:00.001,gidx,181,cidx,181,,,,
DIN8,DIN8,182,8 DINs,_00:03:43.383000,_00:00:00.001,gidx,182,cidx,182,,,,
DIN8,DIN8,183,8 DINs,_00:03:44.217000,_00:00:00.001,gidx,183,cidx,183,,,,
DIN8,DIN8,184,8 DINs,_00:03:45.050000,_00:00:00.001,gidx,184,cidx,184,,,,
DIN8,DIN8,185,8 DINs,_00:03:45.884000,_00:00:00.001,gidx,185,cidx,185,,,,
DIN8,DIN8,186,8 DINs,_00:03:46.717000,_00:00:00.001,gidx,186,cidx,186,,,,
DIN8,DIN8,187,8 DINs,_00:03:47.551000,_00:00:00.001,gidx,187,cidx,187,,,,
DIN8,DIN8,188,8 DINs,_00:03:48.383000,_00:00:00.001,gidx,188,cidx,188,,,,
DIN8,DIN8,189,8 DINs,_00:03:49.217000,_00:00:00.001,gidx,189,cidx,189,,,,
DIN8,DIN8,190,8 DINs,_00:03:50.050000,_00:00:00.001,gidx,190,cidx,190,,,,
s1Rf,,,ECI TCP-IP 55513,_00:03:53.306242,_00:00:00.001,tria,20,fqTy,1,ecc_,0,cue_,0
DIN8,DIN8,191,8 DINs,_00:03:53.331000,_00:00:00.001,gidx,191,cidx,191,,,,
DIN8,DIN8,192,8 DINs,_00:03:54.167000,_00:00:00.001,gidx,192,cidx,192,,,,
DIN8,DIN8,193,8 DINs,_00:03:55.001000,_00:00:00.001,gidx,193,cidx,193,,,,
DIN8,DIN8,194,8 DINs,_00:03:55.833000,_00:00:00.001,gidx,194,cidx,194,,,,
DIN8,DIN8,195,8 DINs,_00:03:56.667000,_00:00:00.001,gidx,195,cidx,195,,,,
DIN8,DIN8,196,8 DINs,_00:03:57.500000,_00:00:00.001,gidx,196,cidx,196,,,,
DIN8,DIN8,197,8 DINs,_00:03:58.334000,_00:00:00.001,gidx,197,cidx,197,,,,
DIN8,DIN8,198,8 DINs,_00:03:59.167000,_00:00:00.001,gidx,198,cidx,198,,,,
DIN8,DIN8,199,8 DINs,_00:04:00.000000,_00:00:00.001,gidx,199,cidx,199,,,,
DIN8,DIN8,200,8 DINs,_00:04:00.833000,_00:00:00.001,gidx,200,cidx,200,,,,
s2Rf,,,ECI TCP-IP 55513,_00:04:10.688242,_00:00:00.001,tria,21,fqTy,2,ecc_,0,cue_,0
DIN8,DIN8,201,8 DINs,_00:04:10.714000,_00:00:00.001,gidx,201,cidx,201,,,,
DIN8,DIN8,202,8 DINs,_00:04:11.550000,_00:00:00.001,gidx,202,cidx,202,,,,
DIN8,DIN8,203,8 DINs,_00:04:12.383000,_00:00:00.001,gidx,203,cidx,203,,,,
DIN8,DIN8,204,8 DINs,_00:04:13.216000,_00:00:00.001,gidx,204,cidx,204,,,,
DIN8,DIN8,205,8 DINs,_00:04:14.050000,_00:00:00.001,gidx,205,cidx,205,,,,
DIN8,DIN8,206,8 DINs,_00:04:14.883000,_00:00:00.001,gidx,206,cidx,206,,,,
DIN8,DIN8,207,8 DINs,_00:04:15.717000,_00:00:00.001,gidx,207,cidx,207,,,,
DIN8,DIN8,208,8 DINs,_00:04:16.550000,_00:00:00.001,gidx,208,cidx,208,,,,
DIN8,DIN8,209,8 DINs,_00:04:17.384000,_00:00:00.001,gidx,209,cidx,209,,,,
DIN8,DIN8,210,8 DINs,_00:04:18.216000,_00:00:00.001,gidx,210,cidx,210,,,,
s2Lf,,,ECI TCP-IP 55513,_00:04:20.922242,_00:00:00.001,tria,22,fqTy,2,ecc_,0,cue_,0
DIN8,DIN8,211,8 DINs,_00:04:20.947000,_00:00:00.001,gidx,211,cidx,211,,,,
DIN8,DIN8,212,8 DINs,_00:04:21.783000,_00:00:00.001,gidx,212,cidx,212,,,,
DIN8,DIN8,213,8 DINs,_00:04:22.616000,_00:00:00.001,gidx,213,cidx,213,,,,
DIN8,DIN8,214,8 DINs,_00:04:23.450000,_00:00:00.001,gidx,214,cidx,214,,,,
DIN8,DIN8,215,8 DINs,_00:04:24.283000,_00:00:00.001,gidx,215,cidx,215,,,,
DIN8,DIN8,216,8 DINs,_00:04:25.117000,_00:00:00.001,gidx,216,cidx,216,,,,
DIN8,DIN8,217,8 DINs,_00:04:25.949000,_00:00:00.001,gidx,217,cidx,217,,,,
DIN8,DIN8,218,8 DINs,_00:04:26.783000,_00:00:00.001,gidx,218,cidx,218,,,,
DIN8,DIN8,219,8 DINs,_00:04:27.616000,_00:00:00.001,gidx,219,cidx,219,,,,
DIN8,DIN8,220,8 DINs,_00:04:28.450000,_00:00:00.001,gidx,220,cidx,220,,,,
s2Lf,,,ECI TCP-IP 55513,_00:04:32.738242,_00:00:00.001,tria,23,fqTy,2,ecc_,0,cue_,0
DIN8,DIN8,221,8 DINs,_00:04:32.764000,_00:00:00.001,gidx,221,cidx,221,,,,
DIN8,DIN8,222,8 DINs,_00:04:33.599000,_00:00:00.001,gidx,222,cidx,222,,,,
DIN8,DIN8,223,8 DINs,_00:04:34.433000,_00:00:00.001,gidx,223,cidx,223,,,,
DIN8,DIN8,224,8 DINs,_00:04:35.265000,_00:00:00.001,gidx,224,cidx,224,,,,
DIN8,DIN8,225,8 DINs,_00:04:36.099000,_00:00:00.001,gidx,225,cidx,225,,,,
DIN8,DIN8,226,8 DINs,_00:04:36.932000,_00:00:00.001,gidx,226,cidx,226,,,,
DIN8,DIN8,227,8 DINs,_00:04:37.766000,_00:00:00.001,gidx,227,cidx,227,,,,
DIN8,DIN8,228,8 DINs,_00:04:38.599000,_00:00:00.001,gidx,228,cidx,228,,,,
DIN8,DIN8,229,8 DINs,_00:04:39.433000,_00:00:00.001,gidx,229,cidx,229,,,,
DIN8,DIN8,230,8 DINs,_00:04:40.265000,_00:00:00.001,gidx,230,cidx,230,,,,
s2Lf,,,ECI TCP-IP 55513,_00:04:43.321242,_00:00:00.001,tria,24,fqTy,2,ecc_,0,cue_,0
DIN8,DIN8,231,8 DINs,_00:04:43.346000,_00:00:00.001,gidx,231,cidx,231,,,,
DIN8,DIN8,232,8 DINs,_00:04:44.183000,_00:00:00.001,gidx,232,cidx,232,,,,
DIN8,DIN8,233,8 DINs,_00:04:45.015000,_00:00:00.001,gidx,233,cidx,233,,,,
DIN8,DIN8,234,8 DINs,_00:04:45.849000,_00:00:00.001,gidx,234,cidx,234,,,,
DIN8,DIN8,235,8 DINs,_00:04:46.682000,_00:00:00.001,gidx,235,cidx,235,,,,
DIN8,DIN8,236,8 DINs,_00:04:47.516000,_00:00:00.001,gidx,236,cidx,236,,,,
DIN8,DIN8,237,8 DINs,_00:04:48.349000,_00:00:00.001,gidx,237,cidx,237,,,,
DIN8,DIN8,238,8 DINs,_00:04:49.183000,_00:00:00.001,gidx,238,cidx,238,,,,
DIN8,DIN8,239,8 DINs,_00:04:50.015000,_00:00:00.001,gidx,239,cidx,239,,,,
DIN8,DIN8,240,8 DINs,_00:04:50.849000,_00:00:00.001,gidx,240,cidx,240,,,,
s2Lf,,,ECI TCP-IP 55513,_00:04:54.404242,_00:00:00.001,tria,25,fqTy,2,ecc_,0,cue_,0
DIN8,DIN8,241,8 DINs,_00:04:54.429000,_00:00:00.001,gidx,241,cidx,241,,,,
DIN8,DIN8,242,8 DINs,_00:04:55.265000,_00:00:00.001,gidx,242,cidx,242,,,,
DIN8,DIN8,243,8 DINs,_00:04:56.098000,_00:00:00.001,gidx,243,cidx,243,,,,
DIN8,DIN8,244,8 DINs,_00:04:56.932000,_00:00:00.001,gidx,244,cidx,244,,,,
DIN8,DIN8,245,8 DINs,_00:04:57.765000,_00:00:00.001,gidx,245,cidx,245,,,,
DIN8,DIN8,246,8 DINs,_00:04:58.599000,_00:00:00.001,gidx,246,cidx,246,,,,
DIN8,DIN8,247,8 DINs,_00:04:59.432000,_00:00:00.001,gidx,247,cidx,247,,,,
DIN8,DIN8,248,8 DINs,_00:05:00.265000,_00:00:00.001,gidx,248,cidx,248,,,,
DIN8,DIN8,249,8 DINs,_00:05:01.098000,_00:00:00.001,gidx,249,cidx,249,,,,
DIN8,DIN8,250,8 DINs,_00:05:01.932000,_00:00:00.001,gidx,250,cidx,250,,,,
s2Lf,,,ECI TCP-IP 55513,_00:05:05.270242,_00:00:00.001,tria,26,fqTy,2,ecc_,0,cue_,0
DIN8,DIN8,251,8 DINs,_00:05:05.296000,_00:00:00.001,gidx,251,cidx,251,,,,
DIN8,DIN8,252,8 DINs,_00:05:06.131000,_00:00:00.001,gidx,252,cidx,252,,,,
DIN8,DIN8,253,8 DINs,_00:05:06.965000,_00:00:00.001,gidx,253,cidx,253,,,,
DIN8,DIN8,254,8 DINs,_00:05:07.798000,_00:00:00.001,gidx,254,cidx,254,,,,
DIN8,DIN8,255,8 DINs,_00:05:08.632000,_00:00:00.001,gidx,255,cidx,255,,,,
DIN8,DIN8,256,8 DINs,_00:05:09.465000,_00:00:00.001,gidx,256,cidx,256,,,,
DIN8,DIN8,257,8 DINs,_00:05:10.299000,_00:00:00.001,gidx,257,cidx,257,,,,
DIN8,DIN8,258,8 DINs,_00:05:11.131000,_00:00:00.001,gidx,258,cidx,258,,,,
DIN8,DIN8,259,8 DINs,_00:05:11.965000,_00:00:00.001,gidx,259,cidx,259,,,,
DIN8,DIN8,260,8 DINs,_00:05:12.798000,_00:00:00.001,gidx,260,cidx,260,,,,
s2Rf,,,ECI TCP-IP 55513,_00:05:17.120242,_00:00:00.001,tria,27,fqTy,2,ecc_,0,cue_,0
DIN8,DIN8,261,8 DINs,_00:05:17.146000,_00:00:00.001,gidx,261,cidx,261,,,,
DIN8,DIN8,262,8 DINs,_00:05:17.981000,_00:00:00.001,gidx,262,cidx,262,,,,
DIN8,DIN8,263,8 DINs,_00:05:18.815000,_00:00:00.001,gidx,263,cidx,263,,,,
DIN8,DIN8,264,8 DINs,_00:05:19.648000,_00:00:00.001,gidx,264,cidx,264,,,,
DIN8,DIN8,265,8 DINs,_00:05:20.482000,_00:00:00.001,gidx,265,cidx,265,,,,
DIN8,DIN8,266,8 DINs,_00:05:21.314000,_00:00:00.001,gidx,266,cidx,266,,,,
DIN8,DIN8,267,8 DINs,_00:05:22.148000,_00:00:00.001,gidx,267,cidx,267,,,,
DIN8,DIN8,268,8 DINs,_00:05:22.981000,_00:00:00.001,gidx,268,cidx,268,,,,
DIN8,DIN8,269,8 DINs,_00:05:23.814000,_00:00:00.001,gidx,269,cidx,269,,,,
DIN8,DIN8,270,8 DINs,_00:05:24.648000,_00:00:00.001,gidx,270,cidx,270,,,,
s2Rf,,,ECI TCP-IP 55513,_00:05:29.820242,_00:00:00.001,tria,28,fqTy,2,ecc_,0,cue_,0
DIN8,DIN8,271,8 DINs,_00:05:29.845000,_00:00:00.001,gidx,271,cidx,271,,,,
DIN8,DIN8,272,8 DINs,_00:05:30.681000,_00:00:00.001,gidx,272,cidx,272,,,,
DIN8,DIN8,273,8 DINs,_00:05:31.514000,_00:00:00.001,gidx,273,cidx,273,,,,
DIN8,DIN8,274,8 DINs,_00:05:32.347000,_00:00:00.001,gidx,274,cidx,274,,,,
DIN8,DIN8,275,8 DINs,_00:05:33.181000,_00:00:00.001,gidx,275,cidx,275,,,,
DIN8,DIN8,276,8 DINs,_00:05:34.014000,_00:00:00.001,gidx,276,cidx,276,,,,
DIN8,DIN8,277,8 DINs,_00:05:34.848000,_00:00:00.001,gidx,277,cidx,277,,,,
DIN8,DIN8,278,8 DINs,_00:05:35.681000,_00:00:00.001,gidx,278,cidx,278,,,,
DIN8,DIN8,279,8 DINs,_00:05:36.514000,_00:00:00.001,gidx,279,cidx,279,,,,
DIN8,DIN8,280,8 DINs,_00:05:37.347000,_00:00:00.001,gidx,280,cidx,280,,,,
s2Lf,,,ECI TCP-IP 55513,_00:05:41.936242,_00:00:00.001,tria,29,fqTy,2,ecc_,0,cue_,0
DIN8,DIN8,281,8 DINs,_00:05:41.962000,_00:00:00.001,gidx,281,cidx,281,,,,
DIN8,DIN8,282,8 DINs,_00:05:42.797000,_00:00:00.001,gidx,282,cidx,282,,,,
DIN8,DIN8,283,8 DINs,_00:05:43.631000,_00:00:00.001,gidx,283,cidx,283,,,,
DIN8,DIN8,284,8 DINs,_00:05:44.464000,_00:00:00.001,gidx,284,cidx,284,,,,
DIN8,DIN8,285,8 DINs,_00:05:45.298000,_00:00:00.001,gidx,285,cidx,285,,,,
DIN8,DIN8,286,8 DINs,_00:05:46.130000,_00:00:00.001,gidx,286,cidx,286,,,,
DIN8,DIN8,287,8 DINs,_00:05:46.964000,_00:00:00.001,gidx,287,cidx,287,,,,
DIN8,DIN8,288,8 DINs,_00:05:47.797000,_00:00:00.001,gidx,288,cidx,288,,,,
DIN8,DIN8,289,8 DINs,_00:05:48.631000,_00:00:00.001,gidx,289,cidx,289,,,,
DIN8,DIN8,290,8 DINs,_00:05:49.464000,_00:00:00.001,gidx,290,cidx,290,,,,
s2Rf,,,ECI TCP-IP 55513,_00:05:52.836242,_00:00:00.001,tria,30,fqTy,2,ecc_,0,cue_,0
DIN8,DIN8,291,8 DINs,_00:05:52.861000,_00:00:00.001,gidx,291,cidx,291,,,,
DIN8,DIN8,292,8 DINs,_00:05:53.697000,_00:00:00.001,gidx,292,cidx,292,,,,
DIN8,DIN8,293,8 DINs,_00:05:54.531000,_00:00:00.001,gidx,293,cidx,293,,,,
DIN8,DIN8,294,8 DINs,_00:05:55.364000,_00:00:00.001,gidx,294,cidx,294,,,,
DIN8,DIN8,295,8 DINs,_00:05:56.197000,_00:00:00.001,gidx,295,cidx,295,,,,
DIN8,DIN8,296,8 DINs,_00:05:57.029000,_00:00:00.001,gidx,296,cidx,296,,,,
DIN8,DIN8,297,8 DINs,_00:05:57.863000,_00:00:00.001,gidx,297,cidx,297,,,,
DIN8,DIN8,298,8 DINs,_00:05:58.697000,_00:00:00.001,gidx,298,cidx,298,,,,
DIN8,DIN8,299,8 DINs,_00:05:59.531000,_00:00:00.001,gidx,299,cidx,299,,,,
DIN8,DIN8,300,8 DINs,_00:06:00.364000,_00:00:00.001,gidx,300,cidx,300,,,,
s2Lf,,,ECI TCP-IP 55513,_00:06:03.918242,_00:00:00.001,tria,31,fqTy,2,ecc_,0,cue_,0
DIN8,DIN8,301,8 DINs,_00:06:03.945000,_00:00:00.001,gidx,301,cidx,301,,,,
DIN8,DIN8,302,8 DINs,_00:06:04.780000,_00:00:00.001,gidx,302,cidx,302,,,,
DIN8,DIN8,303,8 DINs,_00:06:05.614000,_00:00:00.001,gidx,303,cidx,303,,,,
DIN8,DIN8,304,8 DINs,_00:06:06.446000,_00:00:00.001,gidx,304,cidx,304,,,,
DIN8,DIN8,305,8 DINs,_00:06:07.280000,_00:00:00.001,gidx,305,cidx,305,,,,
DIN8,DIN8,306,8 DINs,_00:06:08.113000,_00:00:00.001,gidx,306,cidx,306,,,,
DIN8,DIN8,307,8 DINs,_00:06:08.947000,_00:00:00.001,gidx,307,cidx,307,,,,
DIN8,DIN8,308,8 DINs,_00:06:09.779000,_00:00:00.001,gidx,308,cidx,308,,,,
DIN8,DIN8,309,8 DINs,_00:06:10.613000,_00:00:00.001,gidx,309,cidx,309,,,,
DIN8,DIN8,310,8 DINs,_00:06:11.446000,_00:00:00.001,gidx,310,cidx,310,,,,
s2Lf,,,ECI TCP-IP 55513,_00:06:16.018242,_00:00:00.001,tria,32,fqTy,2,ecc_,0,cue_,0
DIN8,DIN8,311,8 DINs,_00:06:16.043000,_00:00:00.001,gidx,311,cidx,311,,,,
DIN8,DIN8,312,8 DINs,_00:06:16.880000,_00:00:00.001,gidx,312,cidx,312,,,,
DIN8,DIN8,313,8 DINs,_00:06:17.713000,_00:00:00.001,gidx,313,cidx,313,,,,
DIN8,DIN8,314,8 DINs,_00:06:18.547000,_00:00:00.001,gidx,314,cidx,314,,,,
DIN8,DIN8,315,8 DINs,_00:06:19.379000,_00:00:00.001,gidx,315,cidx,315,,,,
DIN8,DIN8,316,8 DINs,_00:06:20.213000,_00:00:00.001,gidx,316,cidx,316,,,,
DIN8,DIN8,317,8 DINs,_00:06:21.046000,_00:00:00.001,gidx,317,cidx,317,,,,
DIN8,DIN8,318,8 DINs,_00:06:21.880000,_00:00:00.001,gidx,318,cidx,318,,,,
DIN8,DIN8,319,8 DINs,_00:06:22.712000,_00:00:00.001,gidx,319,cidx,319,,,,
DIN8,DIN8,320,8 DINs,_00:06:23.546000,_00:00:00.001,gidx,320,cidx,320,,,,
s2Rf,,,ECI TCP-IP 55513,_00:06:28.618242,_00:00:00.001,tria,33,fqTy,2,ecc_,0,cue_,0
DIN8,DIN8,321,8 DINs,_00:06:28.643000,_00:00:00.001,gidx,321,cidx,321,,,,
DIN8,DIN8,322,8 DINs,_00:06:29.479000,_00:00:00.001,gidx,322,cidx,322,,,,
DIN8,DIN8,323,8 DINs,_00:06:30.313000,_00:00:00.001,gidx,323,cidx,323,,,,
DIN8,DIN8,324,8 DINs,_00:06:31.145000,_00:00:00.001,gidx,324,cidx,324,,,,
DIN8,DIN8,325,8 DINs,_00:06:31.979000,_00:00:00.001,gidx,325,cidx,325,,,,
DIN8,DIN8,326,8 DINs,_00:06:32.812000,_00:00:00.001,gidx,326,cidx,326,,,,
DIN8,DIN8,327,8 DINs,_00:06:33.646000,_00:00:00.001,gidx,327,cidx,327,,,,
DIN8,DIN8,328,8 DINs,_00:06:34.478000,_00:00:00.001,gidx,328,cidx,328,,,,
DIN8,DIN8,329,8 DINs,_00:06:35.312000,_00:00:00.001,gidx,329,cidx,329,,,,
DIN8,DIN8,330,8 DINs,_00:06:36.145000,_00:00:00.001,gidx,330,cidx,330,,,,
s2Rf,,,ECI TCP-IP 55513,_00:06:40.301242,_00:00:00.001,tria,34,fqTy,2,ecc_,0,cue_,0
DIN8,DIN8,331,8 DINs,_00:06:40.327000,_00:00:00.001,gidx,331,cidx,331,,,,
DIN8,DIN8,332,8 DINs,_00:06:41.161000,_00:00:00.001,gidx,332,cidx,332,,,,
DIN8,DIN8,333,8 DINs,_00:06:41.995000,_00:00:00.001,gidx,333,cidx,333,,,,
DIN8,DIN8,334,8 DINs,_00:06:42.829000,_00:00:00.001,gidx,334,cidx,334,,,,
DIN8,DIN8,335,8 DINs,_00:06:43.663000,_00:00:00.001,gidx,335,cidx,335,,,,
DIN8,DIN8,336,8 DINs,_00:06:44.495000,_00:00:00.001,gidx,336,cidx,336,,,,
DIN8,DIN8,337,8 DINs,_00:06:45.328000,_00:00:00.001,gidx,337,cidx,337,,,,
DIN8,DIN8,338,8 DINs,_00:06:46.162000,_00:00:00.001,gidx,338,cidx,338,,,,
DIN8,DIN8,339,8 DINs,_00:06:46.995000,_00:00:00.001,gidx,339,cidx,339,,,,
DIN8,DIN8,340,8 DINs,_00:06:47.828000,_00:00:00.001,gidx,340,cidx,340,,,,
s2Rf,,,ECI TCP-IP 55513,_00:06:51.984242,_00:00:00.001,tria,35,fqTy,2,ecc_,0,cue_,0
DIN8,DIN8,341,8 DINs,_00:06:52.009000,_00:00:00.001,gidx,341,cidx,341,,,,
DIN8,DIN8,342,8 DINs,_00:06:52.844000,_00:00:00.001,gidx,342,cidx,342,,,,
DIN8,DIN8,343,8 DINs,_00:06:53.678000,_00:00:00.001,gidx,343,cidx,343,,,,
DIN8,DIN8,344,8 DINs,_00:06:54.511000,_00:00:00.001,gidx,344,cidx,344,,,,
DIN8,DIN8,345,8 DINs,_00:06:55.345000,_00:00:00.001,gidx,345,cidx,345,,,,
DIN8,DIN8,346,8 DINs,_00:06:56.178000,_00:00:00.001,gidx,346,cidx,346,,,,
DIN8,DIN8,347,8 DINs,_00:06:57.011000,_00:00:00.001,gidx,347,cidx,347,,,,
DIN8,DIN8,348,8 DINs,_00:06:57.844000,_00:00:00.001,gidx,348,cidx,348,,,,
DIN8,DIN8,349,8 DINs,_00:06:58.677000,_00:00:00.001,gidx,349,cidx,349,,,,
DIN8,DIN8,350,8 DINs,_00:06:59.511000,_00:00:00.001,gidx,350,cidx,350,,,,
s2Rf,,,ECI TCP-IP 55513,_00:07:03.850242,_00:00:00.001,tria,36,fqTy,2,ecc_,0,cue_,0
DIN8,DIN8,351,8 DINs,_00:07:03.876000,_00:00:00.001,gidx,351,cidx,351,,,,
DIN8,DIN8,352,8 DINs,_00:07:04.711000,_00:00:00.001,gidx,352,cidx,352,,,,
DIN8,DIN8,353,8 DINs,_00:07:05.545000,_00:00:00.001,gidx,353,cidx,353,,,,
DIN8,DIN8,354,8 DINs,_00:07:06.377000,_00:00:00.001,gidx,354,cidx,354,,,,
DIN8,DIN8,355,8 DINs,_00:07:07.211000,_00:00:00.001,gidx,355,cidx,355,,,,
DIN8,DIN8,356,8 DINs,_00:07:08.044000,_00:00:00.001,gidx,356,cidx,356,,,,
DIN8,DIN8,357,8 DINs,_00:07:08.877000,_00:00:00.001,gidx,357,cidx,357,,,,
DIN8,DIN8,358,8 DINs,_00:07:09.711000,_00:00:00.001,gidx,358,cidx,358,,,,
DIN8,DIN8,359,8 DINs,_00:07:10.543000,_00:00:00.001,gidx,359,cidx,359,,,,
DIN8,DIN8,360,8 DINs,_00:07:11.377000,_00:00:00.001,gidx,360,cidx,360,,,,
s2Lf,,,ECI TCP-IP 55513,_00:07:14.717242,_00:00:00.001,tria,37,fqTy,2,ecc_,0,cue_,0
DIN8,DIN8,361,8 DINs,_00:07:14.741000,_00:00:00.001,gidx,361,cidx,361,,,,
DIN8,DIN8,362,8 DINs,_00:07:15.577000,_00:00:00.001,gidx,362,cidx,362,,,,
DIN8,DIN8,363,8 DINs,_00:07:16.410000,_00:00:00.001,gidx,363,cidx,363,,,,
DIN8,DIN8,364,8 DINs,_00:07:17.244000,_00:00:00.001,gidx,364,cidx,364,,,,
DIN8,DIN8,365,8 DINs,_00:07:18.077000,_00:00:00.001,gidx,365,cidx,365,,,,
DIN8,DIN8,366,8 DINs,_00:07:18.910000,_00:00:00.001,gidx,366,cidx,366,,,,
DIN8,DIN8,367,8 DINs,_00:07:19.743000,_00:00:00.001,gidx,367,cidx,367,,,,
DIN8,DIN8,368,8 DINs,_00:07:20.577000,_00:00:00.001,gidx,368,cidx,368,,,,
DIN8,DIN8,369,8 DINs,_00:07:21.410000,_00:00:00.001,gidx,369,cidx,369,,,,
DIN8,DIN8,370,8 DINs,_00:07:22.244000,_00:00:00.001,gidx,370,cidx,370,,,,
s2Rf,,,ECI TCP-IP 55513,_00:07:25.083242,_00:00:00.001,tria,38,fqTy,2,ecc_,0,cue_,0
DIN8,DIN8,371,8 DINs,_00:07:25.107000,_00:00:00.001,gidx,371,cidx,371,,,,
DIN8,DIN8,372,8 DINs,_00:07:25.943000,_00:00:00.001,gidx,372,cidx,372,,,,
DIN8,DIN8,373,8 DINs,_00:07:26.776000,_00:00:00.001,gidx,373,cidx,373,,,,
DIN8,DIN8,374,8 DINs,_00:07:27.610000,_00:00:00.001,gidx,374,cidx,374,,,,
DIN8,DIN8,375,8 DINs,_00:07:28.443000,_00:00:00.001,gidx,375,cidx,375,,,,
DIN8,DIN8,376,8 DINs,_00:07:29.277000,_00:00:00.001,gidx,376,cidx,376,,,,
DIN8,DIN8,377,8 DINs,_00:07:30.110000,_00:00:00.001,gidx,377,cidx,377,,,,
DIN8,DIN8,378,8 DINs,_00:07:30.943000,_00:00:00.001,gidx,378,cidx,378,,,,
DIN8,DIN8,379,8 DINs,_00:07:31.776000,_00:00:00.001,gidx,379,cidx,379,,,,
DIN8,DIN8,380,8 DINs,_00:07:32.610000,_00:00:00.001,gidx,380,cidx,380,,,,
s2Lf,,,ECI TCP-IP 55513,_00:07:35.649242,_00:00:00.001,tria,39,fqTy,2,ecc_,0,cue_,0
DIN8,DIN8,381,8 DINs,_00:07:35.674000,_00:00:00.001,gidx,381,cidx,381,,,,
DIN8,DIN8,382,8 DINs,_00:07:36.510000,_00:00:00.001,gidx,382,cidx,382,,,,
DIN8,DIN8,383,8 DINs,_00:07:37.343000,_00:00:00.001,gidx,383,cidx,383,,,,
DIN8,DIN8,384,8 DINs,_00:07:38.176000,_00:00:00.001,gidx,384,cidx,384,,,,
DIN8,DIN8,385,8 DINs,_00:07:39.010000,_00:00:00.001,gidx,385,cidx,385,,,,
DIN8,DIN8,386,8 DINs,_00:07:39.843000,_00:00:00.001,gidx,386,cidx,386,,,,
DIN8,DIN8,387,8 DINs,_00:07:40.677000,_00:00:00.001,gidx,387,cidx,387,,,,
DIN8,DIN8,388,8 DINs,_00:07:41.510000,_00:00:00.001,gidx,388,cidx,388,,,,
DIN8,DIN8,389,8 DINs,_00:07:42.343000,_00:00:00.001,gidx,389,cidx,389,,,,
DIN8,DIN8,390,8 DINs,_00:07:43.176000,_00:00:00.001,gidx,390,cidx,390,,,,
s2Rf,,,ECI TCP-IP 55513,_00:07:48.132242,_00:00:00.001,tria,40,fqTy,2,ecc_,0,cue_,0
DIN8,DIN8,391,8 DINs,_00:07:48.157000,_00:00:00.001,gidx,391,cidx,391,,,,
DIN8,DIN8,392,8 DINs,_00:07:48.992000,_00:00:00.001,gidx,392,cidx,392,,,,
DIN8,DIN8,393,8 DINs,_00:07:49.826000,_00:00:00.001,gidx,393,cidx,393,,,,
DIN8,DIN8,394,8 DINs,_00:07:50.659000,_00:00:00.001,gidx,394,cidx,394,,,,
DIN8,DIN8,395,8 DINs,_00:07:51.493000,_00:00:00.001,gidx,395,cidx,395,,,,
DIN8,DIN8,396,8 DINs,_00:07:52.327000,_00:00:00.001,gidx,396,cidx,396,,,,
DIN8,DIN8,397,8 DINs,_00:07:53.159000,_00:00:00.001,gidx,397,cidx,397,,,,
DIN8,DIN8,398,8 DINs,_00:07:53.992000,_00:00:00.001,gidx,398,cidx,398,,,,
DIN8,DIN8,399,8 DINs,_00:07:54.826000,_00:00:00.001,gidx,399,cidx,399,,,,
DIN8,DIN8,400,8 DINs,_00:07:55.659000,_00:00:00.001,gidx,400,cidx,400,,,,
